{
    "rouge": {
        "rouge1": 0.018867924528301886,
        "rouge2": 0.0,
        "rougeL": 0.018867924528301886,
        "rougeLsum": 0.018867924528301886
    },
    "bleu": {
        "bleu": 0.0,
        "precisions": [
            0.008968609865470852,
            0.0,
            0.0,
            0.0
        ],
        "brevity_penalty": 1.0,
        "length_ratio": 44.6,
        "translation_length": 223,
        "reference_length": 5
    }
}