{
    "rouge": {
        "rouge1": 0.010526315789473684,
        "rouge2": 0.0,
        "rougeL": 0.010526315789473684,
        "rougeLsum": 0.010526315789473684
    },
    "bleu": {
        "bleu": 0.0,
        "precisions": [
            0.0106951871657754,
            0.0,
            0.0,
            0.0
        ],
        "brevity_penalty": 1.0,
        "length_ratio": 37.4,
        "translation_length": 187,
        "reference_length": 5
    }
}