{
    "rouge": {
        "rouge1": 0.018867924528301886,
        "rouge2": 0.0,
        "rougeL": 0.018867924528301886,
        "rougeLsum": 0.018867924528301886
    },
    "bleu": {
        "bleu": 0.0,
        "precisions": [
            0.008928571428571428,
            0.0,
            0.0,
            0.0
        ],
        "brevity_penalty": 1.0,
        "length_ratio": 44.8,
        "translation_length": 224,
        "reference_length": 5
    }
}