{
    "rouge": {
        "rouge1": 0.021390374331550804,
        "rouge2": 0.0,
        "rougeL": 0.021390374331550804,
        "rougeLsum": 0.021390374331550804
    },
    "bleu": {
        "bleu": 0.0,
        "precisions": [
            0.010752688172043012,
            0.0,
            0.0,
            0.0
        ],
        "brevity_penalty": 1.0,
        "length_ratio": 37.2,
        "translation_length": 186,
        "reference_length": 5
    }
}