{
    "rouge": {
        "rouge1": 0.010309278350515464,
        "rouge2": 0.0,
        "rougeL": 0.010309278350515464,
        "rougeLsum": 0.010309278350515464
    },
    "bleu": {
        "bleu": 0.0,
        "precisions": [
            0.010638297872340425,
            0.0,
            0.0,
            0.0
        ],
        "brevity_penalty": 1.0,
        "length_ratio": 37.6,
        "translation_length": 188,
        "reference_length": 5
    }
}